{
  "naive": {
    "metrics": {
      "context_precision": 0.99999999998,
      "context_recall": 0.7708333333333334,
      "answer_relevancy": 0.47363969455887184,
      "faithfulness": 0.32316017316017315,
      "answer_correctness": 0.5789056507854135
    },
    "num_samples": 12
  },
  "advanced": {
    "metrics": {
      "context_precision": 0.7513888888638426,
      "context_recall": 0.5151515151515151,
      "answer_relevancy": 0.27388135465845204,
      "faithfulness": 0.33166666666666667,
      "answer_correctness": 0.5077293050105169
    },
    "num_samples": 12
  },
  "modular": {
    "metrics": {
      "context_precision": 0.8499999999783334,
      "context_recall": 0.5416666666666666,
      "answer_relevancy": 0.5474396660138643,
      "faithfulness": 0.2418650793650793,
      "answer_correctness": 0.5843292044378016
    },
    "num_samples": 12
  }
}