{
  "naive": {
    "metrics": {
      "context_precision": 0.9999999999795454,
      "context_recall": 0.9696969696969696,
      "answer_relevancy": 0.8496006954847867,
      "faithfulness": 0.8416666666666666,
      "answer_correctness": 0.5580856651336112
    },
    "num_samples": 12
  },
  "advanced": {
    "metrics": {
      "context_precision": 0.8848379629423659,
      "context_recall": 0.75,
      "answer_relevancy": 0.5593357663134145,
      "faithfulness": 0.6124999999999999,
      "answer_correctness": 0.4258606619515135
    },
    "num_samples": 12
  },
  "modular": {
    "metrics": {
      "context_precision": 0.8765046296081067,
      "context_recall": 0.7916666666666666,
      "answer_relevancy": 0.6453444269793217,
      "faithfulness": 0.6361111111111112,
      "answer_correctness": 0.44955103507384986
    },
    "num_samples": 12
  }
}